PERIODO;AC;AL;AM;AP;BA;CE;DF;ES;GO;MA;MG;MS;MT;PA;PB;PE;PI;PR;RJ;RN;RO;RR;RS;SC;SE;SP;TO
jan/04;8.196.055;44.664.273;9.819.616;232.926.443;398.719.822;205.806.616;2.564.870.978;267.972.071;197.584.903;53.059.322;88.236.393;70.382.302;1.326.255.342;127.204.801;72.532.314;1.091.117.677;278.103.206;46.835.489;5.088.612.724;51.842.667;1.332.626.792;36.787.550;7.379.629;503.376.541;11.465.108.013;46.454.943;13.886.984
fev/04;6.880.044;29.343.728;198.376.255;6.290.900;317.779.982;149.876.852;2.128.428.567;243.644.577;141.207.679;47.332.172;953.210.609;48.982.403;65.741.472;124.917.038;53.488.216;267.191.333;26.725.736;811.913.683;4.857.791.704;35.710.038;35.422.148;5.104.733;1.034.001.963;399.482.587;40.350.559;9.213.532.665;9.546.390
mar/04;6.644.264;29.646.976;321.840.650;7.000.692;451.389.711;168.632.051;2.608.416.177;304.059.317;144.707.976;41.960.929;1.186.681.467;55.225.674;75.144.615;104.583.034;61.554.514;388.779.813;23.766.713;926.137.580;3.729.933.990;42.162.436;24.816.026;5.186.682;963.337.119;415.607.751;32.382.371;10.621.088.892;8.606.000
abr/04;7.932.322;39.141.205;265.230.821;6.980.236;414.844.245;212.638.649;2.229.928.611;325.129.916;185.709.675;94.485.403;1.213.257.502;88.051.955;92.370.348;112.095.574;59.558.130;270.261.773;31.528.822;1.147.683.298;4.962.079.701;57.561.931;29.387.874;10.104.887;1.348.818.535;545.912.119;45.863.202;10.626.919.124;13.806.360
mai/04;7.408.996;30.907.727;420.825.736;10.347.917;443.559.112;169.051.965;2.139.626.719;350.021.159;154.539.449;109.452.383;1.118.627.092;61.762.629;83.000.676;97.757.754;46.436.977;267.353.074;26.969.226;1.036.453.458;4.456.813.078;48.022.400;23.063.889;6.117.234;1.331.184.158;442.402.700;37.815.067;9.894.378.872;10.444.380
jun/04;6.926.111;32.309.999;371.183.156;9.159.299;427.845.564;165.752.466;2.405.058.150;426.546.963;160.988.005;53.031.721;1.204.937.305;62.845.298;82.280.935;104.420.226;46.704.886;269.725.670;26.253.244;1.101.845.245;4.722.898.311;69.989.818;26.575.503;5.934.059;1.444.863.819;460.936.168;37.288.263;10.793.611.980;11.048.517
jul/04;7.993.748;31.860.721;376.588.818;9.162.396;457.411.163;377.881.521;2.215.540.978;550.424.718;195.057.329;84.072.379;1.339.193.449;73.082.160;99.202.166;125.011.402;52.127.464;315.397.003;30.792.386;1.217.359.959;4.722.398.056;100.407.342;30.060.474;8.090.007;1.421.891.599;522.160.376;40.744.282;10.456.709.248;15.550.807
ago/04;7.621.515;29.707.075;272.978.015;18.692.246;465.624.146;169.753.742;2.213.451.471;450.092.860;186.107.928;116.382.466;1.405.381.429;63.474.119;101.965.457;115.896.900;46.799.297;312.667.710;27.674.057;1.050.871.095;4.644.814.123;50.878.093;38.685.982;7.681.544;1.319.849.462;490.998.404;34.735.333;10.299.341.657;12.887.602
set/04;7.241.813;28.407.026;366.952.544;9.108.487;499.995.874;191.700.425;2.417.805.986;469.257.066;151.222.911;166.278.686;1.298.867.113;76.302.141;111.772.548;145.841.415;54.752.736;344.460.880;25.904.189;1.064.389.541;4.762.463.960;68.034.557;24.775.871;6.423.237;1.289.322.774;535.294.529;41.514.522;10.682.780.417;13.878.502
out/04;7.985.406;36.163.264;405.111.467;8.713.008;514.336.118;239.050.221;2.201.982.408;544.714.816;193.315.121;105.484.680;1.524.736.182;70.035.976;89.679.564;117.066.003;49.975.703;337.933.772;31.299.084;1.096.675.455;4.633.915.608;55.414.697;27.524.252;7.722.492;1.436.012.258;604.907.329;45.547.015;10.932.284.522;16.697.886
nov/04;9.097.279;33.185.644;430.990.573;9.413.708;481.457.819;221.022.848;2.381.735.042;500.719.082;179.312.609;112.031.061;1.369.246.361;62.425.986;85.963.859;109.652.361;55.314.037;309.876.610;38.120.662;1.072.396.730;3.743.232.441;59.203.024;25.962.350;5.969.704;1.298.066.449;509.319.384;34.706.927;9.863.111.021;15.194.344
dez/04;7.173.790;26.471.482;512.597.300;6.744.203;599.069.470;238.881.946;3.801.083.254;473.654.308;181.433.564;52.317.872;1.464.026.408;62.766.957;84.487.860;135.850.948;46.878.449;346.686.046;31.147.671;1.281.764.359;5.352.649.342;52.290.287;22.097.741;4.835.332;1.429.130.043;589.355.212;44.175.873;13.070.568.881;15.389.872
jan/05;9.521.437;47.835.830;384.323.508;17.723.339;702.591.346;244.321.345;2.290.747.579;530.018.703;240.584.213;70.362.434;1.934.683.963;72.176.776;102.998.273;154.990.827;82.756.345;379.120.034;44.210.664;1.299.789.453;4.999.103.547;68.993.706;34.637.277;8.634.242;1.607.431.932;705.086.721;55.830.590;13.029.659.278;23.954.039
fev/05;7.993.004;34.963.391;242.671.366;8.551.714;668.147.559;186.724.140;2.393.407.114;410.538.834;160.610.297;85.569.354;1.333.377.774;46.459.953;78.638.740;114.714.504;50.338.758;312.955.388;29.715.406;895.361.522;5.343.661.130;51.823.737;41.992.118;5.239.195;1.254.858.363;491.426.133;40.052.532;9.787.688.792;12.492.345
mar/05;7.400.779;37.592.299;331.758.468;12.023.950;619.426.685;213.112.417;2.451.782.529;519.362.510;145.775.990;119.728.639;1.633.823.189;70.505.920;76.566.001;118.463.912;62.417.806;394.495.627;28.323.998;1.138.860.881;4.796.090.206;47.531.675;30.840.432;6.465.522;1.306.304.267;620.260.648;54.075.863;12.005.864.095;14.968.388
abr/05;10.330.972;56.949.954;325.361.053;13.780.158;669.019.352;253.506.979;2.583.042.005;563.104.027;231.690.565;117.539.612;1.808.759.187;88.349.882;113.162.361;147.942.048;77.062.383;401.683.576;39.518.947;1.240.869.036;6.137.557.933;82.214.448;40.530.812;10.987.642;1.654.452.264;767.174.289;61.654.243;11.773.254.760;19.585.942
mai/05;9.875.869;36.671.844;313.086.612;9.899.659;577.279.365;218.466.526;2.601.482.098;525.792.654;177.019.727;118.423.011;1.457.925.064;72.247.054;95.766.850;130.557.002;61.686.459;341.530.491;31.854.369;1.077.716.205;5.215.532.737;58.825.218;28.099.831;7.730.832;1.244.490.927;604.520.407;49.249.361;10.796.049.668;16.750.825
jun/05;8.499.895;38.224.479;361.625.859;10.574.238;533.794.938;204.271.744;3.159.997.843;482.184.775;190.879.988;132.729.449;1.542.783.490;85.293.175;85.184.693;163.375.628;61.472.743;363.409.274;34.258.429;1.239.160.680;5.957.169.336;58.891.085;28.545.823;7.487.205;1.256.770.107;587.810.126;51.783.933;13.873.796.442;15.696.192
jul/05;11.075.599;45.217.548;313.037.290;12.415.114;585.591.056;225.709.454;3.369.056.210;599.667.184;219.827.482;123.985.609;1.630.692.699;95.331.232;109.441.145;161.968.306;79.725.417;365.049.035;39.451.776;1.218.649.955;4.745.059.856;70.067.524;36.818.501;9.339.840;1.440.723.774;740.505.594;53.932.221;12.543.060.726;20.096.039
ago/05;11.359.151;48.933.480;367.996.742;12.989.140;587.059.753;628.775.608;2.905.120.759;564.647.290;208.123.940;140.976.028;1.485.660.097;81.096.787;89.351.508;143.567.316;69.151.329;356.296.836;31.293.072;1.172.907.645;5.194.127.652;74.609.644;31.682.194;8.638.097;1.367.154.396;615.698.668;54.051.138;11.906.294.434;22.008.966
set/05;10.292.663;46.725.489;346.290.971;11.266.084;766.068.096;226.185.131;2.779.611.353;554.468.219;211.733.166;124.204.309;1.598.925.049;86.874.441;110.204.796;131.694.459;63.659.917;354.359.740;38.540.111;1.082.627.281;5.295.987.636;68.228.222;30.814.529;8.173.651;1.322.710.874;662.534.617;54.608.821;11.586.060.238;18.124.151
out/05;11.788.067;47.768.453;329.212.745;11.095.198;651.380.533;288.373.299;2.848.799.857;577.901.404;245.289.104;98.905.498;1.562.567.541;89.218.087;114.760.649;144.211.044;72.027.829;408.765.769;41.451.433;1.194.945.073;6.170.488.182;73.384.226;35.721.745;9.208.119;1.401.737.647;777.870.080;52.759.748;12.288.049.425;22.576.328
nov/05;11.137.180;43.183.425;364.143.997;13.762.897;569.302.271;253.268.821;2.973.053.102;507.642.989;201.624.261;92.517.788;1.486.697.338;83.060.185;99.957.801;135.512.201;64.138.702;390.711.133;38.873.786;1.155.941.261;6.319.557.541;68.259.968;38.067.745;9.629.299;1.428.250.583;730.316.538;52.614.108;11.788.812.178;18.394.480
dez/05;9.629.651;46.212.586;427.784.702;10.850.073;707.315.684;263.438.617;3.761.004.377;590.005.958;236.473.114;161.190.525;1.703.932.822;88.081.796;139.573.266;136.887.351;87.268.088;418.998.233;45.001.912;1.501.985.865;6.905.094.826;80.576.674;34.362.819;9.161.958;1.747.351.930;730.863.929;54.854.323;16.277.562.784;36.730.439
jan/06;18.444.573;61.061.275;371.497.703;16.848.070;702.335.963;297.316.404;2.627.447.475;628.995.775;262.119.369;120.407.036;2.183.656.999;92.002.839;110.062.667;157.793.641;84.859.754;410.934.683;43.492.311;1.540.571.444;5.540.998.128;86.289.051;49.172.430;10.960.527;1.623.211.911;840.981.262;62.394.450;13.283.032.599;29.585.901
fev/06;8.906.247;46.152.958;335.973.080;9.572.537;671.742.759;207.200.108;2.656.208.965;473.198.750;225.288.102;130.366.593;1.343.130.912;56.374.894;85.085.386;144.655.881;66.385.553;296.947.372;35.541.631;970.299.933;5.574.800.682;66.871.921;25.427.117;6.395.819;1.284.547.525;620.206.119;49.103.613;11.207.619.436;16.677.312
mar/06;9.548.745;44.685.886;470.518.072;9.261.694;668.365.539;240.222.881;2.672.726.950;504.407.855;209.715.287;146.184.116;1.680.204.241;71.198.299;102.473.272;116.558.803;94.473.482;403.969.191;34.340.003;1.097.718.168;5.240.432.737;58.781.374;26.854.028;7.469.489;1.275.771.186;642.074.925;50.616.097;12.472.448.696;24.130.331
abr/06;12.882.807;62.750.224;406.754.718;11.793.465;625.194.181;304.573.468;2.731.349.576;553.059.259;278.241.404;129.729.757;1.876.178.245;102.815.046;124.234.378;140.904.837;86.289.993;379.072.609;51.578.397;1.344.068.919;6.452.861.724;98.070.099;43.217.491;13.280.659;1.535.302.743;822.072.494;67.773.019;13.665.530.872;26.909.964
mai/06;10.444.992;49.088.483;384.436.656;10.678.320;788.162.944;233.879.164;2.142.880.512;485.968.395;242.815.360;118.031.324;1.518.799.414;72.906.391;101.630.904;125.304.409;61.599.692;412.988.628;38.578.523;1.094.982.064;5.607.451.596;66.277.744;31.649.012;9.416.066;1.325.358.183;671.412.608;54.515.570;11.976.766.806;22.806.555
jun/06;10.553.499;49.215.803;410.643.852;10.814.904;563.175.039;241.628.704;3.371.303.526;474.050.914;217.425.566;94.250.020;1.479.933.610;69.314.662;96.529.345;135.215.706;67.444.682;351.329.095;38.117.601;1.562.000.354;7.126.351.778;67.902.384;29.355.957;8.056.477;1.348.735.097;675.133.117;53.410.935;14.432.111.521;22.259.393
jul/06;13.350.437;49.863.251;373.461.432;12.798.836;583.931.486;272.885.534;3.365.546.426;542.267.376;257.233.675;100.560.819;1.743.899.014;77.738.899;145.647.171;211.564.166;84.055.097;360.782.564;45.052.595;1.170.614.131;5.742.777.637;79.451.698;37.394.024;10.916.748;1.515.698.882;749.093.749;65.772.977;13.097.229.958;35.569.867
ago/06;11.706.653;41.252.572;358.604.851;13.059.843;540.481.167;277.144.901;2.583.690.894;510.080.683;260.400.129;92.082.394;1.520.662.556;77.534.550;98.294.009;132.769.205;63.678.177;334.747.981;42.003.433;1.184.735.406;6.354.394.156;71.518.971;33.000.583;9.668.825;1.428.487.301;698.643.594;54.678.264;12.756.931.084;21.624.545
set/06;12.957.768;57.628.157;448.090.528;13.815.332;715.045.245;320.198.140;2.939.606.667;538.826.922;261.832.151;148.386.701;1.659.357.752;86.014.162;109.244.077;166.057.665;68.991.628;366.265.862;50.812.043;1.240.376.490;5.907.850.101;78.532.906;49.100.999;8.951.843;1.420.326.147;825.820.874;58.389.683;14.707.735.578;30.863.974
out/06;18.984.640;49.179.226;434.715.919;13.934.809;641.090.303;319.249.175;2.976.428.620;537.963.057;271.999.130;163.714.258;1.752.050.831;102.089.476;128.226.115;169.994.167;76.852.037;416.552.693;50.689.615;1.343.094.637;6.664.600.512;85.773.193;39.640.580;10.849.679;1.530.743.936;814.978.150;65.375.041;14.029.568.265;30.578.311
nov/06;11.727.315;59.246.026;411.424.929;15.939.899;591.289.244;373.369.274;3.506.980.094;591.115.756;234.986.834;157.198.282;1.759.412.345;82.856.920;105.961.210;147.158.361;70.652.467;396.948.753;43.122.145;1.218.678.423;4.783.324.711;78.604.321;52.382.505;8.943.331;1.425.649.529;699.833.245;50.160.654;13.053.857.739;52.685.696
dez/06;16.734.651;56.631.626;476.141.059;10.986.016;815.434.044;347.367.143;3.851.486.879;557.601.430;318.086.850;125.916.463;1.772.697.738;90.291.566;109.461.268;182.735.372;74.857.605;421.177.961;50.554.188;1.642.101.391;7.152.996.869;83.041.996;37.379.390;10.724.106;1.631.877.701;792.393.887;59.641.596;17.404.749.282;24.417.021
jan/07;17.199.689;66.411.273;420.486.273;15.503.369;736.695.202;309.420.168;3.285.557.278;680.528.770;317.473.069;146.315.135;2.569.106.668;87.515.430;120.022.312;180.810.756;78.951.858;488.503.793;59.445.791;1.606.798.662;5.948.596.848;89.322.146;47.095.714;14.025.941;1.726.874.729;870.841.472;77.419.048;15.870.649.178;27.281.116
fev/07;11.364.854;52.347.669;335.172.549;12.740.578;989.325.575;253.648.712;2.984.196.008;487.642.731;237.763.764;123.872.593;1.649.400.760;80.126.654;98.321.268;154.700.766;65.229.880;361.819.633;42.318.471;1.139.847.848;5.960.023.611;67.946.014;43.965.658;8.251.999;1.295.074.045;703.477.242;54.319.203;12.568.307.410;22.428.112
mar/07;11.049.720;57.500.340;477.210.734;14.709.678;678.376.556;299.033.483;2.886.930.637;535.577.690;235.389.757;111.849.312;1.707.083.811;62.373.867;95.600.126;136.542.682;71.653.930;446.770.552;39.229.430;1.483.218.125;5.917.359.017;71.683.588;14.729.296;9.087.327;1.392.870.698;689.099.976;59.118.881;15.309.022.067;24.115.031
abr/07;15.317.370;73.522.916;481.866.691;16.559.560;636.932.536;311.718.695;3.386.932.141;657.063.642;414.724.733;156.335.390;2.283.461.857;108.128.573;142.863.608;179.115.488;117.395.247;489.599.111;58.175.488;1.689.062.516;7.164.501.763;117.186.720;50.717.868;13.634.619;1.759.573.268;981.103.151;79.511.047;15.655.532.153;30.242.117
mai/07;13.461.152;53.741.032;450.611.277;18.849.856;588.324.602;273.129.307;3.055.891.320;558.211.600;260.737.806;97.872.276;1.770.868.533;87.112.356;121.652.543;158.235.099;70.196.473;415.587.784;43.511.549;1.510.039.829;6.708.361.454;84.265.687;52.041.655;11.292.318;1.623.581.313;808.788.769;57.367.804;13.747.776.902;26.884.290
jun/07;12.148.482;56.806.154;433.007.640;15.271.261;580.078.387;281.898.795;3.546.845.931;568.348.167;288.472.150;148.491.081;1.980.379.867;79.214.880;135.564.615;170.590.249;68.779.426;419.987.592;46.684.886;1.602.371.705;6.945.674.832;86.184.695;37.274.139;9.732.769;1.606.312.996;824.254.491;61.256.687;16.175.504.758;25.727.717
jul/07;14.770.511;60.799.012;433.762.391;15.931.644;639.613.312;320.935.475;3.203.966.277;668.917.545;332.904.382;206.778.088;2.055.350.593;95.200.277;143.517.000;182.782.851;72.962.665;497.127.068;53.843.528;1.652.338.299;6.091.126.449;99.670.582;46.675.264;13.847.016;1.669.526.329;924.304.826;75.810.972;15.840.160.477;29.287.008
ago/07;13.570.513;54.669.072;427.842.359;15.901.482;791.349.835;384.361.419;3.173.344.577;662.023.875;307.240.877;146.390.434;1.987.597.859;85.784.535;131.584.890;169.179.937;72.400.866;449.379.855;47.638.288;1.488.611.646;6.019.761.697;90.396.463;39.549.296;10.658.445;1.562.967.491;858.309.575;58.933.931;15.633.869.175;30.109.668
set/07;13.316.698;56.121.488;498.762.779;15.195.134;658.725.263;335.551.202;3.199.063.190;608.022.211;321.644.039;144.860.775;2.229.233.136;93.528.377;140.701.935;188.148.794;73.747.710;447.128.747;49.114.214;1.548.897.398;7.080.276.615;83.441.785;40.659.166;11.121.521;1.568.094.490;920.538.955;60.875.534;14.727.512.584;31.619.633
out/07;17.644.918;76.904.195;526.423.334;21.628.117;838.960.399;415.794.665;3.345.158.291;765.128.791;388.314.946;150.791.071;2.483.434.841;110.957.860;193.083.623;210.405.293;88.759.165;547.775.293;58.415.670;1.889.950.093;6.898.211.199;104.707.072;50.278.001;13.533.979;1.848.767.542;1.085.908.708;72.780.880;16.688.805.466;40.353.257
nov/07;16.892.026;83.923.925;559.126.639;21.818.812;662.966.047;357.930.813;3.884.557.223;704.211.584;317.801.984;200.398.454;2.132.088.756;124.789.346;133.556.056;175.159.302;85.620.931;484.520.023;55.359.092;1.677.598.840;6.331.931.372;92.492.169;43.065.007;12.335.506;1.856.922.287;995.399.981;70.792.996;17.430.204.998;38.526.528
dez/07;16.786.845;72.065.369;566.388.806;19.605.931;836.074.869;342.201.135;4.904.206.665;684.731.065;360.146.425;140.242.472;2.220.961.048;98.410.758;136.217.230;179.381.794;89.887.539;527.689.549;54.419.252;1.977.929.041;7.845.081.503;103.797.153;45.019.128;12.864.179;1.823.816.545;1.003.954.920;73.614.017;19.884.976.143;31.450.797
jan/08;17.711.485;85.986.686;577.148.433;15.677.353;860.920.218;416.836.093;2.981.569.072;836.705.584;577.922.048;134.830.047;3.527.610.015;102.468.461;192.159.466;216.129.837;105.805.786;728.339.456;72.695.563;2.226.680.297;7.487.281.028;112.896.104;79.753.219;15.574.885;2.110.608.419;1.517.023.286;93.638.862;20.490.812.689;39.681.864
fev/08;11.912.945;60.620.849;477.059.977;19.466.203;775.116.858;349.837.305;2.740.800.205;671.058.070;312.983.345;141.760.077;1.687.415.015;105.089.005;123.394.756;188.015.126;74.616.588;495.747.606;54.336.118;1.436.376.380;7.081.756.886;82.669.366;39.172.106;11.180.000;1.569.507.177;902.800.939;73.223.032;14.442.856.412;28.711.697
mar/08;12.191.426;62.255.530;611.201.890;17.087.535;938.352.579;293.473.747;2.745.881.946;829.955.226;350.242.502;231.929.211;2.363.598.675;114.210.138;126.993.698;165.931.878;80.238.601;442.523.899;48.591.246;1.599.872.546;6.469.410.295;84.435.258;39.504.452;11.678.396;1.548.100.435;974.258.127;69.879.059;16.389.294.634;28.056.591
abr/08;17.129.301;99.987.734;599.347.554;18.747.986;953.124.100;387.635.861;3.357.472.963;829.838.775;463.699.907;221.638.752;2.469.171.824;145.469.717;176.300.710;207.365.939;118.556.684;584.423.287;66.981.012;1.915.033.387;7.694.178.615;122.046.877;55.221.328;19.881.873;2.001.913.620;1.211.977.222;100.124.508;18.372.299.961;38.860.440
mai/08;14.390.265;66.589.930;535.945.925;15.676.672;685.874.661;309.863.443;2.842.112.026;738.954.057;391.100.376;174.891.918;2.150.517.807;133.998.045;137.775.408;176.355.415;85.166.615;502.944.624;52.867.487;1.634.536.786;6.527.928.180;93.940.226;44.222.351;13.100.808;1.629.674.523;1.012.699.963;70.951.053;15.302.686.744;30.253.344
jun/08;14.081.752;66.008.835;621.596.924;18.527.699;663.164.671;331.982.466;3.078.366.311;766.944.886;417.454.048;145.042.077;2.123.098.301;120.527.452;135.652.573;191.809.659;98.968.147;510.369.009;57.836.199;1.772.185.372;7.719.903.638;110.094.603;43.909.961;14.019.825;1.727.798.457;1.011.979.316;73.994.396;18.375.716.809;40.045.058
jul/08;19.408.292;76.947.319;555.862.747;21.184.576;809.715.040;394.551.412;3.384.278.534;958.299.979;483.310.945;177.146.513;2.731.600.325;134.609.947;184.095.374;202.497.278;123.176.934;545.429.819;65.545.631;1.942.715.999;8.573.230.314;125.223.047;58.507.471;16.585.103;2.040.455.793;1.147.326.120;85.144.010;17.780.453.056;47.769.862
ago/08;15.979.042;72.453.591;533.880.866;18.042.448;673.896.382;336.821.578;2.913.194.968;861.550.579;426.890.225;199.741.994;2.297.083.640;121.865.707;148.071.633;180.323.322;94.262.354;535.568.871;59.395.391;1.803.914.622;7.845.243.224;100.529.549;48.739.558;13.158.954;1.725.108.578;1.112.310.775;66.773.998;15.723.429.542;34.684.487
set/08;17.341.921;64.813.996;619.954.050;21.488.847;918.625.660;354.841.849;2.975.268.871;845.076.139;506.967.324;173.904.054;2.394.692.539;146.278.178;186.324.739;189.665.241;95.546.537;529.458.221;55.452.011;1.852.743.732;7.988.485.820;102.036.929;49.009.800;14.112.644;1.837.495.130;1.109.423.432;70.045.470;16.332.649.488;36.006.456
out/08;20.538.608;86.228.742;721.433.219;20.679.947;933.965.595;430.620.215;2.934.381.065;995.022.027;470.027.742;205.930.435;2.580.757.965;163.912.228;191.044.146;226.213.353;115.458.773;637.917.161;72.790.230;2.084.968.755;9.582.287.732;129.538.509;63.413.511;17.180.235;2.125.174.487;1.345.010.055;86.004.755;19.314.352.949;47.431.714
nov/08;20.704.811;67.299.479;735.480.417;24.264.795;791.965.100;409.339.180;3.714.438.563;835.138.875;347.438.654;139.885.768;2.056.291.404;146.577.433;156.027.578;217.509.223;107.625.742;595.859.152;66.348.193;2.036.455.475;6.687.242.950;115.718.904;52.490.834;13.661.456;1.845.732.606;1.072.529.985;78.791.229;16.189.398.868;43.483.090
dez/08;18.459.158;70.492.538;545.263.525;13.836.548;831.561.414;416.022.301;4.542.768.477;904.078.518;409.338.174;176.862.500;1.964.084.366;111.341.228;147.944.480;213.143.296;102.811.383;562.228.478;68.254.094;1.961.711.365;7.111.238.677;107.176.683;51.816.885;16.170.074;1.720.163.415;942.684.644;73.203.519;18.192.545.403;38.254.052
jan/09;19.918.830;78.349.221;536.563.923;23.140.342;818.659.875;443.051.653;3.274.711.297;972.413.067;431.626.388;154.156.191;2.295.068.244;134.584.457;197.256.972;280.801.028;117.839.021;696.895.789;79.992.822;2.027.263.902;7.699.944.370;128.667.040;58.425.290;17.608.456;2.053.049.629;1.204.642.940;94.275.130;19.993.011.894;51.604.165
fev/09;12.252.108;60.923.219;369.129.692;15.649.673;832.085.502;321.568.751;2.827.462.327;586.502.408;325.325.088;130.844.940;1.486.101.500;92.893.698;126.489.199;153.880.081;99.504.622;467.757.527;54.716.685;1.351.679.713;4.888.853.639;97.579.785;41.138.578;11.286.590;1.331.560.131;826.608.236;68.846.442;13.299.992.008;26.742.370
mar/09;16.991.142;67.043.101;589.093.804;16.794.016;787.085.437;394.026.816;3.478.823.645;765.605.229;402.156.221;121.051.570;2.374.789.489;148.380.679;134.599.978;184.416.106;96.866.026;503.573.935;56.852.940;1.485.490.243;5.085.693.116;92.814.448;48.736.052;13.305.143;1.451.569.041;1.219.185.827;63.319.774;17.198.305.163;39.135.690
abr/09;23.201.298;96.895.203;509.152.560;19.578.002;765.357.925;434.781.373;3.473.213.172;753.871.637;473.534.707;173.242.880;2.331.422.919;149.135.414;172.548.806;209.216.565;135.957.270;617.704.892;83.138.988;1.782.570.080;6.951.728.698;136.383.799;66.680.868;21.893.924;2.041.055.799;1.147.348.099;92.371.697;17.185.152.420;41.018.361
mai/09;17.916.125;74.943.657;429.099.257;15.483.585;636.582.588;331.209.381;3.724.546.893;570.496.515;374.318.829;114.773.337;1.684.744.545;103.830.597;131.157.308;178.952.367;96.551.820;495.211.452;56.710.671;1.543.421.841;6.330.411.601;127.170.908;54.198.870;15.263.089;1.445.130.182;903.414.513;81.360.576;13.551.801.756;34.704.264
jun/09;16.632.127;64.942.067;431.295.360;17.222.470;686.916.280;322.865.644;3.819.017.356;510.120.527;383.116.946;157.068.159;1.892.694.343;95.127.211;132.606.405;177.537.500;89.992.047;494.524.810;56.510.837;1.601.766.365;8.084.378.110;98.932.734;51.524.687;15.267.492;1.624.254.681;956.797.085;70.592.909;15.375.926.346;35.394.072
jul/09;22.755.761;81.561.191;433.609.419;17.740.263;758.450.127;440.323.652;3.619.562.356;615.525.539;650.344.977;190.421.356;2.379.430.399;125.357.327;203.733.074;200.121.589;110.810.911;577.509.821;77.790.481;1.616.841.566;7.838.891.797;118.969.679;63.359.912;19.817.036;1.920.441.699;1.194.852.308;81.404.500;16.531.952.117;40.841.821
ago/09;15.439.096;66.873.566;555.598.456;17.560.207;646.652.257;368.076.941;5.219.036.172;554.602.259;244.075.695;144.351.466;1.881.147.115;102.934.339;131.469.660;166.600.309;97.426.785;567.265.862;63.992.797;1.460.223.816;5.983.633.102;113.205.634;50.040.623;15.383.361;1.686.761.921;1.040.244.832;69.751.169;13.952.608.546;34.876.421
set/09;18.377.119;64.336.633;527.197.842;16.620.166;1.134.914.122;357.344.360;3.331.427.350;545.518.108;451.855.502;164.330.589;2.002.867.210;127.671.465;154.969.748;171.142.511;96.987.840;571.425.788;68.578.093;1.576.623.694;6.155.399.355;102.107.820;58.734.990;16.168.845;1.762.051.201;1.054.312.707;67.711.045;13.957.644.825;37.522.941
out/09;25.384.986;86.938.495;566.460.278;20.820.253;820.253.549;442.684.660;6.343.167.547;656.759.787;527.500.949;216.823.633;2.618.787.121;159.557.813;241.696.551;213.293.707;119.534.746;657.227.345;78.031.022;2.136.887.874;9.335.496.949;128.759.124;69.243.522;19.115.120;2.152.181.629;1.283.649.387;87.916.789;19.600.796.526;48.521.743
nov/09;23.624.117;83.878.286;725.767.353;23.050.891;945.272.830;434.128.132;4.861.006.807;672.392.902;502.950.255;139.685.350;2.697.058.508;147.059.734;174.549.454;234.079.685;151.574.094;697.598.629;75.962.541;2.304.411.889;7.708.637.002;126.012.762;59.133.947;16.396.291;2.237.050.769;1.322.091.925;124.450.273;21.482.020.994;36.862.445
dez/09;24.140.852;69.587.918;550.136.347;16.054.046;813.263.263;411.669.348;4.255.041.225;737.330.018;495.011.037;133.795.496;2.097.777.420;107.668.997;141.566.647;191.842.541;98.601.080;697.669.407;69.384.802;1.951.703.601;7.857.609.606;116.013.117;52.996.460;15.213.911;1.932.372.503;1.162.661.518;76.196.878;19.571.764.289;33.072.538
jan/10;28.788.615;90.498.002;519.211.144;19.941.560;1.002.665.654;541.774.468;4.116.503.285;841.037.900;592.597.714;182.388.063;3.020.058.237;130.735.341;208.952.878;256.783.366;128.382.372;876.650.562;94.132.550;2.300.863.650;9.188.174.600;156.983.335;66.165.817;20.104.898;2.604.387.678;1.829.970.182;108.894.651;22.881.995.623;52.534.710
fev/10;16.327.267;69.783.374;438.794.706;14.101.136;1.055.175.561;373.080.180;3.150.729.926;731.394.726;350.707.167;223.178.258;1.810.531.016;94.197.764;142.591.570;166.346.851;140.629.343;521.585.346;65.291.254;1.631.232.982;6.967.809.745;97.681.233;44.332.502;11.633.930;1.705.300.391;1.107.864.355;68.479.679;14.191.590.016;33.864.114
mar/10;17.678.071;66.397.369;621.192.089;16.108.028;842.809.858;483.706.863;3.696.249.488;784.538.992;437.946.566;281.704.681;2.228.945.632;110.089.982;149.976.379;180.103.053;105.250.161;587.140.331;67.913.692;1.995.617.300;6.537.743.512;105.346.039;49.179.899;13.278.834;1.813.024.567;1.304.814.770;70.296.505;17.871.319.880;31.241.426
abr/10;28.833.788;114.484.160;615.836.186;21.883.227;1.094.400.617;569.944.274;3.669.950.182;864.465.511;637.289.073;260.714.601;2.983.748.022;181.532.282;247.805.587;231.317.416;166.112.158;779.637.143;109.037.038;2.593.890.777;8.542.703.847;176.359.227;78.781.172;23.951.485;2.518.624.121;1.543.727.406;132.162.295;20.600.035.120;43.798.889
mai/10;20.114.707;95.461.639;594.492.045;17.990.044;798.121.708;455.314.645;4.041.273.990;777.080.442;602.519.041;202.722.266;2.379.999.822;136.678.203;168.650.217;190.169.728;119.814.560;606.826.440;67.419.349;2.004.248.149;7.462.022.375;127.242.752;57.479.162;17.279.446;2.046.741.697;1.336.034.111;91.811.179;16.592.418.582;40.700.265
jun/10;24.322.931;92.817.366;604.645.493;17.250.786;802.402.458;420.297.539;3.312.883.114;738.091.101;530.830.209;166.977.009;2.387.834.838;131.497.958;171.808.496;198.023.733;114.737.101;597.010.143;81.340.238;2.092.539.017;7.422.584.658;115.455.752;58.756.088;17.316.363;2.206.414.086;1.345.425.410;90.412.870;18.085.911.084;36.391.648
jul/10;27.329.639;88.924.040;635.791.751;22.335.721;932.191.954;518.724.954;3.525.411.793;838.887.691;641.757.287;240.264.446;2.664.676.170;150.632.846;204.461.869;266.208.115;139.668.517;673.254.529;93.497.017;2.266.723.097;7.512.336.402;147.120.386;77.130.514;22.582.050;2.418.325.134;1.570.269.393;119.571.715;19.775.286.704;50.973.200
ago/10;23.478.164;75.772.599;605.591.322;20.350.891;813.185.106;465.538.122;3.734.970.572;883.558.180;595.242.904;236.381.801;2.291.743.902;135.559.217;170.480.062;199.439.685;121.106.856;618.248.544;72.302.034;2.166.935.834;8.223.199.954;124.124.492;70.130.424;17.711.615;2.086.805.050;1.451.426.534;88.754.903;16.879.096.053;42.759.464
set/10;22.691.097;76.806.741;636.741.461;21.053.192;811.836.145;585.112.332;4.050.343.225;809.944.998;570.145.005;274.885.599;2.465.993.574;166.442.304;202.581.497;212.376.526;112.788.848;676.099.739;76.946.626;2.420.791.788;7.343.726.961;128.783.748;63.359.610;17.535.490;2.108.914.193;1.508.881.702;88.808.321;17.741.404.475;50.433.478
out/10;30.616.701;95.385.870;706.866.434;23.263.901;988.679.225;585.617.789;3.940.140.936;972.891.610;659.070.095;302.265.864;2.839.124.725;177.206.453;229.911.128;243.562.139;144.313.738;862.067.548;95.858.364;2.654.263.814;9.126.105.838;157.822.213;82.829.817;23.167.446;2.584.865.535;1.729.703.940;112.841.971;22.191.055.323;55.828.832
nov/10;26.530.816;88.355.555;681.208.896;26.812.303;941.679.682;517.044.869;4.585.999.048;941.965.480;570.508.266;243.180.801;2.589.511.170;145.250.506;182.734.830;237.263.150;135.668.843;722.772.769;77.578.805;2.372.048.939;7.588.405.614;146.189.019;74.036.967;19.005.030;2.311.684.060;1.580.904.809;99.791.019;18.575.429.571;39.495.450
dez/10;22.680.482;91.670.504;748.405.487;20.327.924;857.947.945;401.844.203;10.783.791.756;927.929.226;744.373.110;174.613.266;2.714.194.672;148.981.265;167.557.037;237.980.140;119.895.216;728.682.608;80.765.086;2.638.879.364;10.109.011.844;127.689.947;67.949.233;17.848.574;2.367.329.595;1.550.938.247;116.175.397;21.813.048.398;39.684.567
jan/11;33.012.317;123.168.670;696.221.210;36.152.316;1.109.060.231;680.414.245;5.650.976.110;1.178.158.527;862.188.087;232.523.843;4.175.854.748;228.711.922;271.669.511;326.086.859;193.570.453;1.069.124.030;116.325.926;3.432.904.439;11.136.445.969;194.244.609;101.659.158;33.356.083;3.229.283.703;2.360.924.413;135.856.644;28.710.865.776;65.898.433
fev/11;19.967.374;99.905.801;537.848.875;31.830.571;1.173.039.378;453.002.577;4.593.744.487;911.041.914;543.868.609;186.677.747;2.277.713.456;124.665.497;166.057.762;220.017.194;150.990.590;710.997.464;83.245.434;2.187.167.754;7.755.077.775;171.708.370;66.411.893;22.602.948;2.110.008.588;1.419.339.236;101.392.474;17.413.506.529;36.721.552
mar/11;23.295.558;99.897.362;739.985.924;31.153.787;940.756.473;597.430.396;4.959.438.162;1.042.153.528;578.063.594;242.540.167;2.617.184.134;145.642.317;199.272.205;278.927.125;173.081.775;768.408.773;80.376.728;2.442.233.377;8.246.167.378;157.519.668;70.705.406;24.021.985;2.267.536.224;1.572.164.122;102.292.261;21.463.453.034;40.284.478
abr/11;30.835.059;148.247.870;729.665.643;36.233.122;1.152.271.754;654.472.498;5.118.968.426;1.205.156.628;872.616.995;370.508.678;3.401.346.742;236.979.429;298.913.632;319.550.626;210.249.620;948.793.703;118.234.951;3.273.551.255;10.039.537.961;218.731.153;102.378.723;32.566.730;2.880.956.739;1.897.903.610;157.528.158;24.537.401.706;56.945.268
mai/11;29.357.086;135.364.697;631.687.518;36.108.235;943.247.593;520.401.089;5.168.629.146;1.185.031.864;582.771.097;272.723.588;2.607.910.774;173.884.203;213.035.602;267.162.931;157.338.812;743.546.277;92.901.848;2.607.591.694;8.194.908.268;169.856.571;94.205.070;26.779.722;2.251.323.652;1.625.516.110;121.645.148;20.167.089.660;44.148.662
jun/11;27.888.495;115.675.485;747.673.702;39.601.955;1.014.555.970;625.821.401;6.052.890.218;1.088.665.440;660.143.360;258.966.209;2.899.531.137;170.631.177;223.265.580;268.541.090;166.293.978;886.565.741;93.801.497;2.869.691.971;9.656.416.354;168.982.875;82.408.642;28.350.959;2.384.572.445;1.586.863.445;125.430.807;27.287.951.380;48.328.570
jul/11;34.044.806;140.545.063;688.231.961;35.973.349;1.044.628.264;670.423.122;5.531.930.708;1.267.992.245;783.811.829;272.191.823;3.247.798.481;219.970.184;290.889.941;328.160.360;195.418.644;900.629.372;115.013.165;2.888.829.052;14.872.743.186;200.944.381;131.529.474;32.342.205;2.825.607.500;1.837.462.903;142.201.481;24.386.143.663;58.389.029
ago/11;28.393.702;104.995.158;743.460.788;35.993.662;1.113.205.009;605.253.552;5.283.020.787;1.202.320.363;559.768.145;330.695.296;2.799.014.637;181.790.641;226.566.793;293.588.284;168.286.028;762.080.645;97.225.599;2.813.505.359;9.054.216.417;159.528.635;89.404.860;28.743.675;2.431.039.264;1.718.434.702;138.168.184;20.381.751.794;49.573.308
set/11;27.327.655;116.043.720;748.016.621;34.634.872;999.584.200;609.844.762;5.225.769.694;1.085.175.684;739.280.517;409.416.043;2.832.023.040;214.043.585;267.515.744;277.478.725;170.616.200;911.737.419;107.305.536;2.938.044.345;7.278.873.263;143.587.927;91.062.393;29.324.070;2.437.910.031;1.741.480.439;118.387.783;21.150.698.640;62.685.364
out/11;31.837.048;131.791.035;732.250.176;34.397.265;1.324.603.936;675.694.197;4.975.893.536;1.200.029.258;991.622.257;436.782.055;3.332.918.555;323.613.389;344.936.513;323.677.508;209.104.658;1.110.320.029;114.646.398;3.427.720.752;10.577.955.567;201.948.524;104.679.563;32.601.357;2.710.522.254;2.025.269.285;166.622.752;25.766.991.232;67.235.829
nov/11;32.009.193;126.150.043;751.067.476;48.421.595;1.000.087.911;651.293.986;6.859.848.146;1.439.058.144;616.091.202;326.162.886;2.897.631.278;190.757.971;249.370.106;314.393.075;196.699.455;966.448.776;112.075.270;3.085.950.111;8.314.235.313;199.977.756;89.861.657;40.425.727;2.464.238.347;1.803.706.584;131.031.021;21.619.437.930;51.331.581
dez/11;30.757.209;117.796.443;772.775.280;35.128.923;990.551.350;600.672.313;6.348.701.166;1.396.423.352;689.731.660;361.431.504;2.833.470.292;212.677.149;241.892.634;272.781.580;175.781.423;907.734.717;103.285.437;3.315.327.540;9.129.418.950;171.419.518;109.143.718;29.519.825;2.531.096.989;1.851.937.923;134.984.740;25.114.863.721;45.176.636
jan/12;35.040.815;145.821.029;721.264.673;37.195.320;1.239.514.242;822.831.341;6.523.251.276;1.483.091.987;935.896.919;329.534.436;4.810.232.060;307.111.800;329.593.909;434.232.306;229.574.208;1.247.537.741;133.922.402;4.172.258.794;11.024.412.135;228.018.911;109.508.468;36.382.911;3.538.850.980;2.554.861.040;196.435.078;31.621.794.551;83.929.077
fev/12;20.656.332;103.207.369;575.185.733;31.391.009;1.128.620.148;513.614.408;6.107.826.727;1.033.768.483;539.466.836;366.919.896;2.448.424.210;140.915.927;200.715.592;290.288.925;157.155.937;838.514.182;82.863.808;2.514.642.685;8.568.375.549;188.060.521;99.621.083;25.449.479;1.999.316.029;1.552.439.530;118.547.829;19.836.657.685;45.414.088
mar/12;27.326.471;112.343.125;806.240.657;34.108.670;1.118.470.825;643.020.379;5.247.068.184;1.132.953.423;620.376.682;371.414.101;2.943.837.751;188.580.754;229.604.839;308.406.252;181.379.132;916.670.613;93.252.274;3.031.535.991;7.584.692.859;172.596.821;92.553.189;27.808.908;2.253.920.098;1.711.064.634;130.893.198;25.938.307.837;48.185.336
abr/12;33.238.677;168.352.992;803.056.493;41.735.075;1.253.527.051;732.673.469;5.367.487.885;1.268.109.455;818.429.864;347.545.071;3.744.526.408;274.236.726;331.857.295;418.331.724;243.838.348;1.213.316.458;137.322.582;3.732.667.289;10.408.993.149;259.452.369;118.389.926;36.965.275;3.079.807.952;2.043.267.817;180.120.781;25.744.477.380;72.740.248
mai/12;29.582.087;125.019.420;719.226.828;39.573.226;985.648.698;529.046.458;5.639.451.852;1.220.221.377;824.080.417;262.348.077;2.867.659.753;198.454.462;252.574.086;309.338.481;200.323.099;915.309.794;106.897.232;2.814.322.378;8.305.282.386;180.604.067;88.478.054;35.619.086;2.644.455.934;1.739.160.349;141.179.007;20.708.996.239;48.860.340
jun/12;27.316.400;119.582.325;695.480.650;33.166.505;961.190.893;585.114.395;6.097.367.898;1.053.808.219;691.459.523;421.613.251;2.678.756.481;188.973.474;239.304.675;302.986.038;187.406.921;928.006.848;106.915.882;3.007.187.319;10.004.601.803;172.525.260;96.967.033;30.409.261;2.364.058.830;1.745.336.390;149.821.878;22.434.389.267;49.210.658
jul/12;36.081.622;133.352.384;731.735.155;37.333.524;1.457.851.428;705.241.388;5.780.901.127;1.193.376.309;656.503.985;328.613.094;3.451.288.727;211.434.713;292.501.028;376.889.988;229.977.378;1.026.836.416;131.195.214;3.276.813.353;8.814.621.434;230.371.450;110.822.519;36.981.815;2.772.344.842;2.011.329.655;170.764.566;23.462.381.088;65.596.377
ago/12;31.147.148;118.934.152;691.746.727;36.526.584;1.061.510.401;636.750.898;5.333.480.851;1.139.095.043;631.048.971;373.603.749;2.771.419.254;209.430.283;321.865.611;330.978.743;203.563.128;1.025.487.419;106.656.121;2.738.627.279;7.542.043.904;178.317.281;95.167.928;30.192.635;2.446.243.751;1.826.358.405;142.950.253;20.527.313.674;52.214.966
set/12;32.355.303;112.318.624;774.395.756;34.165.652;997.021.998;634.136.897;5.553.214.074;1.150.158.854;526.807.876;334.322.560;2.957.437.061;231.072.966;305.118.138;342.961.302;189.244.382;952.601.002;101.188.290;2.863.182.078;9.052.085.129;186.507.430;92.686.857;28.251.382;2.464.888.446;1.818.944.139;138.171.150;20.457.336.638;62.995.630
out/12;39.597.924;141.263.057;772.981.630;41.039.727;1.284.378.509;820.896.825;5.483.231.490;1.239.762.972;724.187.695;366.262.413;3.405.683.130;269.022.861;369.445.420;393.146.773;231.441.641;1.173.077.855;133.015.600;3.459.622.055;9.494.071.680;225.001.482;119.490.744;37.443.484;3.098.937.293;2.263.142.329;149.031.680;24.602.759.993;73.379.652
nov/12;35.368.062;132.628.270;790.049.864;53.293.566;1.024.261.983;707.916.054;7.452.828.996;1.062.703.423;623.014.557;403.163.996;3.001.088.462;228.085.941;327.188.279;379.162.037;236.205.717;1.105.387.988;126.594.819;3.193.708.120;8.086.711.801;227.932.122;118.909.991;56.902.983;2.742.903.526;1.983.520.355;147.100.729;22.754.296.738;71.682.616
dez/12;32.650.048;132.345.526;823.769.058;36.683.411;1.135.518.160;721.372.381;6.953.765.871;1.157.762.475;773.486.782;411.752.602;2.952.276.040;205.902.094;275.047.133;347.426.609;203.713.742;1.031.979.749;128.390.737;3.386.596.213;10.464.922.838;198.359.447;109.677.911;31.993.478;2.630.176.427;2.032.479.880;143.285.575;26.170.621.907;56.434.228
jan/13;41.961.568;152.955.384;808.515.067;27.561.842;1.630.111.862;1.110.614.562;6.185.792.606;1.350.712.349;986.041.450;369.305.948;5.209.216.526;344.835.064;396.659.526;495.567.042;268.462.654;1.221.099.123;144.871.976;4.430.678.496;12.998.518.552;254.874.640;126.243.595;36.573.306;3.957.514.324;2.816.632.873;211.555.447;38.172.955.213;96.279.615
fev/13;28.719.749;124.852.583;696.170.223;30.614.612;970.150.992;629.599.235;5.303.189.557;923.306.961;545.397.555;271.065.135;2.652.354.874;181.235.341;242.340.412;345.139.471;189.664.215;831.468.914;111.249.313;2.642.408.164;7.789.591.791;180.306.399;91.781.905;39.386.719;2.134.061.531;1.687.526.996;138.383.912;20.830.062.107;54.390.413
mar/13;29.087.538;110.807.966;735.291.423;44.449.505;1.043.578.366;582.941.306;5.602.852.198;998.991.429;628.176.499;314.410.806;2.811.423.584;179.136.058;273.552.343;326.634.959;206.108.528;945.995.211;97.975.806;2.633.939.189;8.755.392.358;179.254.866;108.762.677;32.982.544;2.183.472.603;1.782.235.199;138.522.682;21.961.309.202;51.955.355
abr/13;42.583.133;177.289.690;813.298.274;44.955.686;1.328.433.788;816.664.079;5.803.010.926;1.355.184.999;863.533.307;345.588.558;4.064.710.926;321.915.222;406.767.574;437.202.498;311.949.505;1.167.760.513;162.840.086;3.800.949.040;11.095.524.843;291.937.160;130.871.428;47.349.393;3.361.739.798;2.332.840.082;215.877.155;27.203.942.583;79.556.629
mai/13;31.668.873;126.458.214;763.278.338;47.841.710;1.048.694.423;683.666.282;9.449.669.956;1.092.824.652;643.721.990;286.050.627;3.049.735.548;218.183.391;314.840.922;361.250.769;244.460.537;928.967.117;116.643.240;3.028.299.607;9.549.470.797;207.967.447;100.071.775;36.241.062;2.556.905.356;1.948.613.740;145.978.776;23.045.708.057;63.093.561
jun/13;35.255.665;124.893.794;868.278.684;40.692.545;1.115.320.953;633.332.869;6.560.148.661;928.818.272;624.611.150;224.268.803;3.013.416.494;215.821.982;293.662.347;340.594.568;206.753.257;970.612.689;118.352.418;4.169.674.257;9.689.497.620;192.941.001;93.629.601;35.605.123;2.684.533.829;1.868.446.709;143.077.300;22.777.255.258;60.835.623
jul/13;39.859.311;151.477.265;835.850.600;42.793.677;1.368.180.116;793.446.535;6.143.273.226;1.184.002.723;835.944.980;323.900.719;3.619.745.916;272.722.410;362.031.321;392.968.438;242.690.271;1.114.990.153;132.055.173;3.415.363.195;9.877.440.523;249.723.151;121.268.883;41.852.439;3.162.597.293;2.483.974.741;169.659.659;25.172.319.487;76.404.166
ago/13;32.319.732;128.884.736;868.526.376;39.971.982;1.137.959.871;748.787.501;5.413.442.155;1.092.492.928;638.348.562;309.627.506;2.812.990.545;218.161.261;297.508.692;331.948.989;228.054.421;1.036.834.909;115.022.330;2.851.117.183;9.185.153.212;196.504.636;102.442.905;35.383.847;2.685.568.036;2.241.592.408;156.379.275;22.154.121.276;66.181.791
set/13;34.014.069;132.310.531;872.072.850;33.718.273;1.135.912.205;685.521.746;5.955.362.753;1.049.440.618;683.494.093;338.099.804;3.008.148.536;265.443.513;337.893.920;368.483.592;211.927.842;978.530.225;136.303.928;2.902.416.098;8.114.976.752;197.217.350;102.558.252;35.080.262;2.811.483.984;2.145.421.427;139.352.747;22.772.528.913;69.873.403
out/13;41.792.309;146.838.878;931.915.597;29.276.381;1.747.602.104;833.558.717;6.271.204.383;1.236.556.070;815.444.171;330.589.394;3.985.575.561;306.251.746;387.633.485;408.969.415;248.607.371;1.200.515.459;142.389.078;3.741.044.439;11.515.301.164;247.795.618;119.581.030;40.787.407;3.289.381.286;2.697.301.085;163.008.148;26.404.336.056;91.922.391
nov/13;39.956.099;140.849.529;904.053.771;57.474.452;1.279.271.704;722.557.475;8.346.256.132;1.143.290.940;646.093.906;305.038.209;4.288.035.274;251.853.729;330.487.671;377.334.963;248.224.861;1.097.564.538;131.141.110;3.057.746.952;16.122.787.193;228.775.243;120.447.434;46.142.198;2.908.158.905;2.304.398.934;166.009.710;37.645.168.553;74.441.681
dez/13;38.217.733;117.312.250;1.000.584.144;34.508.035;1.408.106.011;686.423.371;7.101.075.660;1.186.587.608;684.493.181;348.291.730;3.565.512.691;272.737.672;312.118.657;384.383.732;197.742.411;1.127.230.344;137.118.695;3.812.717.339;14.570.548.294;221.411.526;91.219.998;32.829.779;2.982.454.106;2.451.534.456;140.044.422;30.217.623.440;75.744.137
jan/14;47.927.732;181.520.084;933.371.164;47.844.708;1.449.219.318;957.443.897;7.269.424.115;1.242.220.915;962.082.494;407.437.205;5.696.442.742;516.907.213;474.952.862;468.960.973;302.119.825;1.463.935.455;176.414.412;4.422.283.197;13.402.636.090;284.802.808;140.916.356;50.169.427;4.148.250.011;3.406.030.547;171.265.157;39.698.173.302;94.742.214
fev/14;39.093.651;128.676.138;755.601.217;36.331.233;1.104.616.823;659.311.700;5.796.539.094;1.050.191.603;584.588.985;316.761.623;2.712.874.793;200.591.676;305.501.781;332.638.640;230.722.003;1.019.248.832;121.281.422;2.582.222.847;8.475.154.324;193.500.064;95.113.422;33.268.749;2.406.621.309;2.245.169.807;133.730.053;22.109.523.968;62.405.665
mar/14;33.515.974;119.830.996;928.911.723;37.078.775;1.074.553.031;679.023.741;6.054.107.167;1.032.443.056;623.139.081;287.137.199;3.105.270.615;200.038.102;310.338.639;354.024.859;225.635.104;990.572.778;108.872.479;2.880.929.278;8.797.942.770;194.911.011;119.827.805;34.553.978;2.514.974.803;2.277.044.235;128.654.590;24.530.647.143;58.627.330
abr/14;50.721.702;191.170.165;1.042.456.831;47.717.156;1.347.485.147;954.966.821;6.648.752.108;1.239.357.657;893.339.044;388.360.983;4.377.041.999;360.327.818;451.294.040;519.748.522;316.018.943;1.308.739.455;168.271.603;3.637.215.324;11.991.501.812;298.312.456;137.791.131;49.852.847;3.455.545.537;2.698.666.977;205.706.733;29.182.191.540;88.570.784
mai/14;35.127.767;133.249.039;929.071.968;38.997.429;1.071.751.468;720.963.069;5.930.115.768;1.068.844.333;640.751.243;336.321.292;3.407.568.224;242.416.857;337.075.750;421.315.803;237.492.607;1.024.246.362;134.259.007;2.814.344.744;9.128.367.219;216.265.133;111.207.993;37.799.187;2.770.114.734;2.381.593.468;165.821.555;23.487.348.044;69.595.262
jun/14;34.977.583;123.038.733;880.178.028;38.854.061;1.134.535.814;722.372.551;6.775.466.899;986.143.092;609.187.318;345.373.990;3.235.039.322;230.033.952;335.626.271;352.420.755;234.428.436;956.287.587;118.882.253;3.048.808.316;10.001.770.927;210.687.199;108.852.153;36.917.664;2.732.953.707;2.101.178.726;145.468.530;25.583.322.317;71.337.406
jul/14;45.866.348;168.673.162;757.017.265;45.107.893;1.293.248.965;865.752.816;6.718.858.585;1.125.486.697;847.975.255;342.772.059;3.911.643.795;300.182.549;395.365.917;433.726.727;276.982.506;1.237.981.203;149.092.956;3.155.321.316;9.346.441.897;251.406.281;142.893.821;44.333.985;3.420.569.591;2.627.888.277;176.426.949;26.466.512.758;92.363.102
ago/14;43.281.410;150.914.275;806.079.738;40.235.648;1.090.385.675;774.639.685;6.234.285.733;930.935.192;662.947.889;321.260.546;3.442.835.879;264.494.582;360.176.212;484.898.498;244.551.922;1.071.544.967;128.852.901;3.166.441.756;9.883.736.013;218.697.077;113.117.837;39.565.184;2.914.091.320;2.507.216.308;182.898.689;26.875.768.717;82.528.665
set/14;37.204.341;129.903.858;802.097.872;40.533.839;1.162.211.682;813.594.868;6.697.723.978;1.107.055.207;659.501.481;366.244.996;3.289.624.471;324.029.003;397.471.865;398.864.324;224.712.476;1.072.075.269;147.155.465;3.086.194.295;8.559.400.761;211.783.862;118.771.980;37.804.679;2.874.343.949;2.523.211.113;140.251.385;24.319.959.151;84.829.693
out/14;52.404.242;165.994.107;980.148.995;57.203.465;1.486.350.570;960.908.484;6.393.094.387;1.309.719.223;985.011.368;462.770.977;4.098.321.123;356.022.239;462.649.849;480.488.511;283.055.532;1.290.811.231;163.707.644;3.413.404.237;10.619.465.276;281.652.785;142.288.445;46.606.004;3.558.113.263;3.048.020.260;182.442.575;29.310.235.056;109.403.861
nov/14;48.684.947;176.272.945;1.044.171.250;55.873.296;1.510.782.050;964.068.644;8.102.309.257;1.177.387.026;776.598.199;430.702.459;3.767.376.447;322.131.572;444.018.168;537.907.273;289.180.393;1.201.359.951;164.188.919;3.512.869.081;11.790.087.956;286.667.526;131.801.163;55.285.637;3.291.162.643;2.747.891.261;170.903.249;29.017.879.657;117.395.027
dez/14;39.737.167;141.869.857;1.029.150.750;51.850.470;1.161.194.272;803.262.933;7.233.518.594;994.858.401;784.730.050;395.520.294;3.375.590.959;248.531.202;355.496.144;381.800.426;253.465.321;1.185.514.883;141.793.172;3.552.824.138;10.787.277.984;224.296.539;107.211.810;40.650.539;3.103.665.250;2.430.154.949;153.961.348;28.820.546.577;71.911.887
jan/15;49.209.046;174.628.630;920.000.254;47.065.581;1.432.993.440;1.077.245.755;8.458.881.829;1.468.851.998;913.325.858;475.733.890;5.953.987.317;448.651.255;486.333.568;487.187.618;317.503.714;1.573.867.722;182.982.302;4.322.694.011;13.728.750.553;317.913.331;146.635.067;49.947.518;4.487.096.291;3.490.252.850;199.574.930;39.085.109.791;105.149.761
fev/15;31.939.407;135.277.718;792.174.042;43.297.366;1.039.855.389;689.949.464;11.134.716.765;975.111.277;612.003.424;396.345.093;3.176.667.515;225.219.239;295.841.336;356.561.614;239.263.087;1.103.237.346;112.931.728;2.573.183.764;8.511.567.821;200.517.593;97.093.035;33.950.285;2.381.173.720;2.301.014.415;163.806.500;22.732.150.490;61.919.793
mar/15;34.203.811;131.852.228;873.054.000;39.813.909;1.113.006.024;763.922.044;6.139.042.080;1.052.368.291;612.671.266;434.931.203;3.053.760.489;228.606.839;314.217.888;454.703.802;250.906.763;1.153.199.795;144.934.806;2.986.128.119;10.880.457.706;224.988.177;126.421.976;36.186.886;2.446.631.638;2.537.893.807;142.584.486;27.735.624.325;71.387.946
abr/15;47.131.687;214.751.585;1.029.863.275;46.202.379;1.514.906.534;1.034.622.393;6.867.487.487;1.359.320.686;906.705.583;424.493.488;4.131.959.226;375.874.875;469.380.158;497.572.404;357.922.450;1.538.655.298;194.189.162;3.839.900.056;13.347.745.769;323.735.843;150.600.281;47.912.079;3.766.539.871;2.951.901.917;233.558.919;30.708.124.132;106.778.244
mai/15;39.622.349;145.450.972;852.432.091;40.251.543;1.150.991.919;830.062.167;6.462.059.008;1.045.906.230;637.464.950;348.732.500;3.112.622.338;258.100.033;357.987.951;384.151.712;255.478.095;1.056.272.522;141.193.125;3.078.090.241;10.123.196.385;226.370.411;117.988.332;39.654.656;2.646.849.766;2.231.757.856;172.498.754;24.946.936.856;77.353.763
jun/15;36.722.758;136.159.598;756.819.646;43.829.440;1.155.517.997;810.041.623;7.031.475.768;1.105.118.420;685.852.075;302.592.835;3.130.745.843;260.599.910;346.669.646;406.846.172;245.699.845;1.072.135.120;150.741.421;3.243.995.708;11.473.251.695;231.640.686;117.457.406;40.117.203;2.795.693.993;2.364.393.454;164.831.568;28.096.696.002;78.270.147
jul/15;50.492.978;174.821.936;865.461.063;46.770.026;1.360.117.669;911.488.568;6.866.785.759;1.197.153.943;967.359.090;445.522.769;3.631.106.787;292.742.886;415.948.603;521.140.695;288.150.274;1.231.098.527;157.353.874;3.439.208.387;12.545.168.951;280.491.110;146.523.851;46.491.001;3.310.566.802;2.891.071.964;193.519.207;28.903.436.957;100.956.494
ago/15;39.278.746;165.792.273;776.568.109;44.385.674;1.152.043.935;786.566.031;6.102.369.400;1.068.248.121;664.163.106;365.487.345;3.019.645.631;255.918.176;332.137.413;378.937.424;234.917.151;1.046.935.282;135.076.330;2.927.773.063;12.095.827.509;223.061.319;111.707.166;38.771.603;2.797.390.707;2.423.456.842;157.790.454;25.563.386.048;79.644.419
set/15;38.699.409;139.025.166;802.704.217;43.592.225;1.171.804.457;810.996.900;6.676.287.724;1.137.026.081;810.757.746;382.876.810;3.255.119.793;352.667.144;423.433.451;432.639.145;246.361.622;1.128.474.304;134.680.829;3.250.671.591;10.980.483.659;249.484.954;117.559.294;40.834.144;2.849.095.410;2.644.249.982;158.707.464;26.330.888.390;90.065.826
out/15;52.702.905;160.464.304;898.391.043;52.317.925;1.401.809.085;933.674.562;6.633.715.293;1.185.890.621;876.622.122;367.801.713;3.791.058.821;341.701.875;450.055.422;482.192.457;290.759.031;1.198.299.883;179.946.494;3.535.124.016;11.294.593.538;270.618.082;152.042.807;45.731.892;3.414.638.182;2.779.982.872;184.734.070;29.163.831.299;100.886.757
nov/15;45.404.055;158.745.163;845.430.871;54.379.588;1.234.608.544;829.134.799;8.245.650.842;1.051.267.220;740.210.509;284.396.797;3.202.442.649;313.141.427;383.597.717;460.341.735;282.549.144;1.066.155.210;150.564.168;3.147.271.594;10.700.656.183;255.217.169;131.549.031;52.174.607;2.849.479.802;2.510.963.784;171.345.419;25.626.017.691;87.438.165
dez/15;39.472.200;220.221.373;856.403.262;40.829.778;1.126.624.775;838.010.859;9.621.775.183;1.026.860.513;688.644.283;351.538.310;3.109.848.051;302.344.510;358.501.404;448.866.752;241.792.005;1.093.921.120;137.950.921;3.528.532.900;13.154.715.253;234.883.793;123.764.437;46.404.447;2.858.633.337;2.235.472.586;140.231.023;31.499.969.056;77.090.376
jan/16;46.658.072;177.681.562;1.012.405.538;45.626.549;1.434.130.584;1.196.439.540;8.725.043.438;1.394.309.304;999.244.595;446.206.053;5.724.442.956;329.889.766;506.767.239;508.719.020;306.037.281;1.533.581.886;188.400.233;4.025.310.774;18.380.727.532;290.484.387;160.759.441;53.194.982;4.169.337.430;2.989.754.312;181.441.570;40.342.898.444;108.961.936
fev/16;35.581.623;137.967.979;724.132.266;40.813.758;1.066.423.789;762.974.731;6.328.539.426;830.713.307;688.955.234;339.905.827;2.871.483.634;238.741.095;327.385.018;408.207.806;230.782.939;971.893.674;134.102.678;2.622.508.575;9.632.148.037;228.712.137;108.242.428;38.520.381;2.562.427.998;2.194.292.552;157.771.625;23.452.119.708;72.950.216
mar/16;34.923.008;149.221.474;915.932.927;37.996.369;1.150.833.075;814.723.533;7.220.611.081;995.011.178;660.310.353;343.051.715;2.973.378.554;248.737.112;353.739.652;535.721.997;222.836.539;1.090.869.834;127.549.132;3.365.933.066;10.144.318.871;214.157.009;182.676.587;39.651.325;2.646.034.239;2.099.216.392;144.500.604;27.874.564.699;64.906.582
abr/16;49.058.396;229.600.969;872.928.499;42.482.822;1.485.080.958;1.057.857.572;8.528.510.408;1.154.715.449;922.100.495;434.352.969;4.198.113.509;422.985.597;497.250.546;535.094.644;336.452.544;1.280.718.752;204.528.239;4.048.089.653;11.564.382.224;336.437.217;199.817.201;51.146.893;3.968.763.001;2.750.368.906;218.883.455;33.612.355.516;120.024.765
mai/16;37.604.652;148.285.211;785.711.409;38.080.894;1.239.734.130;812.608.742;7.647.229.959;930.594.027;668.699.321;408.319.463;3.192.849.146;288.412.890;358.053.299;439.692.922;243.011.717;1.093.581.953;147.543.324;3.081.525.925;9.275.509.764;244.737.961;131.258.964;41.619.204;3.170.738.198;2.276.156.387;162.493.563;25.708.171.906;86.189.616
jun/16;37.126.291;142.293.851;777.609.327;37.856.263;1.174.586.700;808.083.671;7.376.667.614;885.661.382;665.959.667;351.462.523;2.859.363.985;279.815.178;363.079.344;435.042.203;251.522.329;991.413.508;155.405.059;3.209.278.439;10.839.371.277;230.633.787;125.886.935;47.417.128;2.747.502.611;2.227.084.947;162.552.592;28.497.743.795;85.626.480
jul/16;47.672.066;176.630.713;860.288.356;45.731.154;1.349.464.804;960.815.430;8.491.198.740;970.999.513;819.269.827;388.927.143;3.625.539.594;321.812.862;452.126.285;508.658.433;279.097.702;1.248.721.818;191.244.183;3.503.050.172;10.222.092.369;282.478.049;153.545.336;50.059.407;3.404.974.502;2.633.594.455;185.630.729;31.723.739.435;119.572.155
ago/16;39.848.791;160.391.445;783.022.289;38.896.812;1.210.857.101;794.926.388;6.827.175.150;859.396.321;732.412.724;318.969.948;2.977.564.855;276.278.418;384.448.246;483.773.236;249.110.841;1.083.209.310;155.316.890;2.938.667.725;8.714.317.559;226.903.284;134.582.842;42.168.057;2.710.095.312;2.430.903.037;163.221.515;24.817.114.309;85.645.885
set/16;41.929.926;142.051.540;893.307.272;41.561.094;1.175.810.657;805.122.858;7.644.073.774;843.102.519;769.465.045;314.319.525;3.215.757.398;361.837.973;447.690.465;398.209.431;248.850.753;1.107.682.448;155.277.079;2.962.947.911;9.380.650.413;227.323.118;130.267.374;40.966.336;2.885.935.613;2.393.267.873;163.278.311;26.356.925.409;134.722.760
out/16;48.955.778;170.049.921;982.268.207;45.080.808;1.593.670.762;996.824.135;52.581.764.685;950.457.800;845.437.837;368.441.324;3.748.556.516;370.779.426;485.062.585;546.753.390;282.516.262;1.307.317.265;210.576.332;3.240.912.580;10.508.059.087;283.790.903;149.825.313;49.358.347;3.544.165.959;2.819.874.558;175.936.163;29.671.056.916;106.755.375
nov/16;50.544.747;195.551.509;932.334.798;51.429.332;1.414.218.070;994.781.136;9.882.243.109;978.001.918;745.134.818;418.057.892;3.511.952.944;326.840.753;436.351.392;465.088.788;300.864.566;1.213.115.164;194.239.434;3.048.740.871;9.696.218.501;291.550.811;138.348.199;54.760.360;3.012.982.653;2.532.602.736;176.415.130;27.957.993.384;98.065.475
dez/16;43.112.027;184.954.495;1.097.576.269;45.887.434;1.394.500.948;878.246.958;9.641.650.759;916.304.283;693.088.062;427.971.104;3.487.429.374;295.499.117;391.397.512;426.646.826;263.631.094;1.408.889.202;180.998.768;2.909.660.710;11.934.842.664;240.863.904;122.563.850;69.649.597;3.227.081.449;2.387.115.171;154.891.077;34.531.382.952;81.116.254
jan/17;53.579.929;213.921.795;1.021.825.267;52.676.085;1.559.322.090;1.204.241.032;9.697.225.165;1.243.849.557;1.060.778.045;423.238.351;5.206.722.484;363.380.413;571.136.279;536.922.186;313.720.161;1.453.533.085;224.999.579;4.077.519.602;19.039.178.746;306.659.449;191.375.502;57.450.827;4.869.546.144;3.274.004.272;182.617.162;42.825.808.249;122.783.431
fev/17;49.889.458;145.347.957;759.193.095;41.237.091;1.068.643.077;811.175.400;6.873.789.990;783.092.526;726.560.563;317.748.826;2.919.431.901;270.699.788;343.145.882;402.136.357;253.407.850;1.034.687.847;170.101.126;2.404.933.104;9.467.504.793;220.241.116;107.231.264;41.766.508;2.653.372.153;2.156.726.994;151.303.320;26.022.726.711;75.115.514
mar/17;39.826.088;164.822.257;1.092.120.165;51.595.284;1.176.200.068;772.073.633;7.974.451.528;905.230.793;693.758.746;311.795.646;3.101.047.618;285.311.063;382.367.135;566.627.844;251.606.507;1.116.437.991;151.812.865;3.050.672.718;9.945.808.936;232.220.165;139.255.939;53.498.588;2.810.672.540;2.365.725.103;148.674.111;28.314.760.751;82.597.700
abr/17;56.286.705;251.021.473;1.048.069.449;60.682.055;1.887.092.270;1.092.989.134;8.049.558.210;1.181.180.207;1.314.862.538;417.252.440;4.511.952.285;444.875.082;665.225.469;534.466.708;372.161.605;1.363.954.986;236.435.963;3.885.814.479;12.447.306.896;362.348.281;175.664.037;59.265.007;4.103.268.408;3.001.363.863;230.644.992;33.235.892.927;115.249.481
mai/17;47.369.372;178.532.604;814.271.220;69.968.351;1.407.251.914;897.140.305;7.171.384.927;1.005.078.352;791.161.281;335.486.342;3.252.725.578;296.787.342;401.075.840;428.708.770;263.384.919;1.118.989.806;165.476.620;2.988.048.352;10.093.825.933;252.148.505;129.322.088;53.661.665;3.088.356.222;2.336.256.231;171.453.965;26.560.446.995;90.649.280
jun/17;44.548.982;174.981.625;909.276.269;56.796.794;1.194.834.076;794.396.368;8.312.119.947;958.735.708;767.810.136;394.026.892;3.205.151.276;284.818.762;391.992.610;437.060.133;265.049.133;1.224.337.495;170.249.309;2.924.160.645;11.038.605.864;244.415.418;129.550.702;52.951.312;3.147.891.611;2.586.461.096;167.153.381;30.526.046.803;89.564.272
jul/17;53.059.235;256.277.629;898.057.058;74.067.775;1.428.299.938;1.023.334.539;9.091.453.234;1.027.146.832;938.267.032;460.346.788;3.725.170.936;345.438.745;471.153.489;503.235.827;306.223.559;1.436.267.309;189.498.532;3.359.095.892;10.057.075.189;310.766.001;162.960.888;54.974.541;3.739.470.955;2.923.832.116;190.108.324;29.937.268.409;105.761.240
ago/17;48.306.039;179.397.389;806.626.946;47.310.891;1.354.828.435;866.039.329;7.759.714.353;929.141.691;767.182.374;468.525.785;3.283.690.979;279.908.212;417.423.043;442.871.961;267.892.095;1.428.621.569;165.603.442;3.276.566.978;11.271.189.268;245.714.784;133.257.771;51.115.777;3.279.039.991;2.695.404.491;166.226.142;28.821.118.700;93.803.019
set/17;47.473.617;187.599.900;842.724.568;97.531.128;1.345.969.635;912.326.568;7.588.000.547;1.000.405.409;1.085.851.901;515.122.857;3.406.350.907;410.627.111;508.416.596;470.717.319;277.222.758;1.343.301.698;184.040.543;3.384.212.646;10.940.047.176;238.077.981;139.195.260;58.184.186;3.419.630.888;3.016.837.913;184.009.231;29.678.183.612;104.143.415
out/17;65.138.673;218.971.422;943.421.477;63.054.353;1.708.350.180;1.150.788.483;7.669.015.636;1.188.000.355;1.031.577.035;527.640.702;4.167.057.749;422.874.805;567.197.189;548.821.250;315.830.054;1.631.908.730;214.918.555;3.887.636.693;12.633.013.716;341.917.899;263.715.928;54.726.164;4.268.174.394;3.378.447.153;189.466.885;34.689.597.228;123.534.316
nov/17;65.465.690;249.837.186;1.016.341.404;94.360.232;1.794.094.885;1.075.135.651;9.607.651.853;1.141.897.052;913.651.539;519.697.197;3.680.919.513;389.633.435;486.122.781;565.733.022;367.976.547;1.522.542.259;212.196.472;3.573.491.300;14.806.541.882;313.182.336;172.742.682;63.941.693;3.604.237.349;2.966.092.773;201.956.278;30.529.097.176;116.852.026
dez/17;46.882.142;205.278.740;967.751.322;68.977.483;1.483.557.762;981.917.845;9.255.805.890;998.354.179;953.204.020;471.573.555;3.211.048.065;334.146.168;460.978.656;484.719.729;306.950.112;1.432.332.701;191.955.760;3.433.579.835;14.006.490.796;261.476.482;150.099.855;54.083.121;3.428.790.269;2.719.674.402;183.013.819;38.171.912.297;97.864.140
jan/18;67.792.781;228.541.120;1.085.409.625;84.687.422;1.958.724.305;1.690.986.540;9.141.317.916;1.759.562.874;1.470.855.876;543.837.875;6.518.893.710;419.492.598;652.011.416;634.821.037;363.634.365;1.691.690.707;249.419.509;4.636.064.070;19.371.768.819;353.472.445;212.232.669;65.131.496;5.259.997.955;4.135.010.078;233.989.141;50.526.279.423;132.274.284
fev/18;40.817.834;188.433.330;756.607.973;101.711.457;1.351.557.414;904.762.888;7.532.091.014;953.908.606;769.099.883;384.828.716;3.269.837.649;265.902.759;393.416.578;471.117.939;285.230.064;1.179.793.933;155.238.073;2.894.126.062;11.347.009.476;239.827.638;125.619.995;45.124.210;3.113.725.267;2.705.944.296;162.355.573;31.215.088.935;137.956.517
mar/18;42.268.622;173.814.095;1.099.848.054;46.596.867;1.304.943.980;856.631.922;7.528.988.120;1.058.223.108;784.378.858;519.676.326;3.305.220.609;284.902.710;405.835.246;592.167.048;270.413.115;1.167.049.325;157.682.245;3.225.721.666;13.142.125.085;236.002.708;177.216.464;46.162.401;3.118.619.080;2.794.695.540;153.188.447;29.418.362.266;85.346.008
abr/18;56.041.023;284.629.489;867.785.680;60.428.307;1.938.431.406;1.300.629.842;8.164.501.870;1.371.366.908;1.104.638.183;663.162.490;4.666.765.495;485.097.337;646.857.634;626.356.696;391.736.764;1.610.389.249;250.651.017;4.461.282.162;14.304.029.219;384.399.052;186.438.452;65.592.862;4.620.707.099;3.772.248.591;252.006.889;36.806.696.955;132.273.771
mai/18;47.513.969;198.863.541;794.391.105;50.188.422;1.405.785.415;1.204.017.698;7.734.761.395;1.095.179.989;884.908.917;335.036.399;3.347.555.660;337.516.276;436.490.405;474.149.051;291.850.254;1.376.636.094;195.035.300;3.128.264.989;13.008.150.305;262.462.811;135.315.639;50.691.544;3.313.396.945;2.778.637.309;172.005.458;27.843.654.166;90.788.303
jun/18;45.855.062;182.040.473;863.059.946;49.412.180;1.381.263.461;1.051.810.365;8.147.249.075;1.152.390.146;802.597.823;370.287.856;3.403.206.380;325.999.333;439.973.740;494.432.050;294.549.726;1.336.335.497;192.945.369;3.159.091.858;13.715.644.587;260.231.960;137.566.371;48.695.470;3.499.957.287;2.976.912.920;189.489.724;30.959.919.814;103.686.252
jul/18;56.580.864;220.198.691;897.629.110;59.962.459;1.960.493.074;1.093.385.165;8.015.378.944;1.300.855.893;1.008.459.639;403.483.006;4.332.467.588;382.426.921;546.677.616;625.629.356;339.234.970;1.669.860.484;226.168.514;3.927.378.182;15.351.863.199;324.533.229;172.838.017;67.885.003;4.256.400.058;3.608.794.562;207.256.003;34.590.324.684;115.118.546
ago/18;46.231.137;196.726.055;901.393.761;41.311.733;1.532.044.234;923.370.330;7.832.730.668;1.200.004.201;841.141.733;394.967.928;3.678.978.139;318.037.029;452.780.904;538.192.587;293.159.610;1.264.848.489;199.022.041;3.399.071.414;12.412.837.437;270.477.743;142.415.183;51.499.379;3.538.244.058;3.250.358.238;185.327.629;29.310.871.223;104.747.728
set/18;44.168.534;164.320.105;893.439.143;48.549.050;1.453.750.364;934.183.723;7.714.314.019;1.200.603.798;1.006.136.924;480.120.943;3.837.605.806;438.255.264;572.935.091;519.532.361;312.265.445;1.349.012.757;173.932.630;3.443.422.366;13.461.188.034;261.354.625;149.139.388;46.079.051;3.730.053.375;3.120.121.649;173.969.216;29.313.546.916;112.669.977
out/18;63.817.396;241.650.523;853.961.724;72.417.209;1.762.274.479;1.156.555.965;7.861.971.418;1.365.427.248;1.077.584.816;724.529.625;4.508.171.943;442.288.813;681.597.377;587.730.004;387.975.777;1.460.314.021;285.235.197;4.005.287.394;15.496.445.937;335.935.946;335.945.188;58.583.462;4.234.069.611;3.805.448.667;198.918.174;34.444.497.265;124.810.703
nov/18;58.151.615;236.285.687;949.054.380;76.898.993;1.636.946.578;1.055.436.711;9.460.695.257;1.271.512.552;939.341.363;409.249.421;4.520.524.817;421.141.782;540.821.429;616.531.422;363.800.835;1.526.229.978;238.848.221;3.748.359.060;14.134.460.526;313.390.981;184.158.389;64.276.667;3.797.791.728;3.348.423.048;208.489.386;32.553.310.488;119.922.321
dez/18;100.073.573;213.958.603;1.017.836.823;57.715.790;1.493.768.919;1.040.809.405;9.853.102.192;1.137.648.948;1.029.638.111;420.735.534;4.121.935.828;387.931.085;514.878.009;564.495.235;311.509.209;1.384.711.504;200.717.956;3.492.728.362;14.397.791.368;278.428.164;151.374.930;65.408.713;3.696.698.199;3.092.680.408;180.971.913;36.522.032.194;106.964.988
jan/19;64.704.947;224.420.910;1.149.538.614;66.072.025;2.012.583.490;1.307.744.334;10.670.663.743;2.131.431.104;1.281.382.380;595.579.743;7.459.467.682;417.039.440;737.713.649;653.113.772;370.294.809;1.616.485.036;259.842.057;5.209.202.741;20.315.821.018;349.622.758;205.906.926;64.843.066;5.067.061.148;4.493.802.809;225.372.180;48.078.934.814;127.414.675
fev/19;41.607.839;192.037.208;1.015.767.473;50.411.062;1.436.710.230;930.971.193;7.458.560.223;1.106.768.315;857.802.765;551.736.348;3.895.744.699;370.469.312;452.692.360;526.466.759;294.766.951;1.217.703.332;171.275.374;3.166.037.164;15.403.653.455;249.928.687;142.691.361;49.443.836;3.450.474.364;3.225.362.783;229.138.771;32.621.906.534;117.729.193
mar/19;41.263.229;179.089.238;1.062.056.807;44.555.235;1.449.905.121;900.336.289;7.538.078.059;1.161.091.760;884.422.217;471.901.606;3.937.262.114;344.978.330;465.159.546;458.041.895;279.524.903;1.349.754.465;165.968.434;3.423.213.803;12.017.903.451;260.894.520;175.600.777;45.585.197;3.309.209.380;3.307.117.423;171.662.287;31.241.217.643;94.546.038
abr/19;58.819.829;302.352.078;1.099.554.159;58.857.797;1.789.521.097;1.359.261.528;8.425.339.838;1.383.374.355;1.206.766.305;705.390.570;5.604.131.528;548.366.181;718.501.253;625.317.732;427.798.620;1.654.998.742;287.021.440;4.693.943.086;14.550.045.933;397.720.402;202.337.069;62.912.338;5.026.420.101;4.000.148.041;261.921.880;38.427.210.801;134.319.476
mai/19;48.297.589;234.749.241;965.590.796;63.879.837;1.460.821.303;1.026.707.401;9.305.576.960;1.182.892.517;949.046.377;496.061.581;3.781.853.317;365.160.684;502.074.282;507.964.883;308.761.264;1.281.214.553;181.924.896;3.622.517.959;11.797.807.255;277.623.735;152.340.415;54.913.550;3.562.642.200;3.435.284.709;193.681.376;30.422.983.684;97.712.848
jun/19;45.182.129;221.472.547;1.025.835.024;52.264.199;1.359.196.766;986.945.338;8.609.499.198;1.220.633.998;896.078.923;458.865.821;3.893.232.249;360.663.596;512.925.143;545.299.060;311.904.011;1.425.318.982;175.809.848;3.602.263.286;14.374.643.922;272.271.271;152.798.387;51.965.214;3.583.337.331;3.295.918.222;189.629.955;33.331.471.560;107.089.658
jul/19;57.988.270;237.764.358;1.363.257.176;68.298.358;1.712.786.696;1.321.457.672;9.214.297.697;1.426.857.255;1.085.825.248;529.674.215;5.373.155.011;431.056.828;642.343.716;635.235.926;346.779.261;1.599.523.107;222.564.892;4.278.345.827;17.341.808.732;343.632.001;183.889.060;63.472.323;4.577.428.109;3.901.588.148;217.629.894;36.530.532.269;128.660.300
ago/19;49.642.876;200.601.715;1.091.791.277;52.846.166;1.358.247.208;953.013.420;10.349.912.865;1.228.939.042;902.726.620;510.141.442;4.883.065.314;355.880.312;525.578.070;560.181.306;300.530.612;1.409.819.329;180.619.690;3.703.556.791;14.901.721.120;276.264.403;158.065.767;47.708.642;3.496.832.384;3.639.651.938;186.170.587;31.760.735.881;110.096.503
set/19;49.168.964;194.304.749;1.046.502.978;56.475.518;1.416.119.179;996.571.883;8.983.380.536;1.243.730.873;1.036.303.791;640.186.296;4.219.378.915;475.676.622;640.874.572;561.054.477;293.577.318;1.384.318.084;196.033.909;3.702.677.667;12.374.635.801;253.910.330;149.574.456;53.389.387;3.624.396.923;3.761.785.758;184.041.746;29.838.771.019;136.328.860
out/19;58.704.536;221.229.970;1.162.143.169;60.384.535;1.724.199.103;1.290.875.867;8.429.285.886;1.536.915.710;1.197.245.593;708.925.621;4.930.616.872;487.835.653;714.760.704;709.983.661;352.278.166;1.759.255.131;236.852.362;4.421.945.270;13.704.480.597;342.449.278;178.467.555;63.519.016;4.519.624.791;4.413.845.256;204.748.297;36.452.625.433;127.651.192
nov/19;66.210.763;235.643.629;978.365.167;56.403.800;1.598.448.238;1.173.697.377;10.795.928.895;1.363.062.034;1.144.550.252;575.338.031;4.567.018.447;472.950.784;632.321.807;686.508.586;401.615.955;1.521.782.095;231.287.672;4.084.724.200;13.493.716.456;359.260.843;196.117.225;74.687.600;3.806.959.321;3.713.853.345;219.889.548;35.302.930.609;142.180.988
dez/19;47.897.743;202.708.453;1.020.073.138;73.711.579;1.403.555.672;1.093.776.474;9.817.372.581;1.154.289.587;884.145.180;455.178.137;4.238.919.038;400.054.707;573.292.523;634.989.708;318.736.416;1.536.789.888;195.521.730;3.988.667.198;13.936.030.233;276.569.198;157.973.263;54.737.771;3.608.629.696;3.580.415.239;174.023.110;38.881.414.448;105.356.385
jan/20;65.079.199;253.035.173;1.233.250.848;70.927.926;1.831.466.939;1.759.208.303;10.491.885.533;2.042.817.427;1.345.236.864;607.587.059;8.624.922.788;480.399.587;839.840.582;762.504.897;392.316.585;1.739.593.706;277.369.059;5.412.809.192;21.200.933.850;418.604.308;207.131.999;65.915.760;5.679.508.790;4.994.584.579;241.866.516;55.922.342.451;137.787.222
fev/20;45.626.033;196.447.100;1.062.296.130;52.058.332;1.335.245.632;998.469.192;7.859.567.571;1.170.079.645;888.574.658;411.900.598;4.078.533.072;330.639.428;546.703.471;556.611.411;299.013.446;1.248.873.724;168.552.941;3.341.853.799;12.884.810.404;290.921.198;143.624.255;52.886.194;3.308.721.651;3.545.694.248;172.057.816;31.706.368.087;91.921.991
mar/20;45.052.749;194.952.556;867.948.819;49.399.754;1.241.749.446;982.272.418;8.070.438.540;1.083.629.268;880.929.698;427.295.096;3.649.808.259;322.368.593;473.567.606;495.556.591;268.075.521;1.289.665.984;135.572.473;4.139.365.680;11.149.998.102;252.627.238;188.623.760;53.027.736;3.133.090.369;3.506.640.692;172.832.756;31.525.759.845;87.330.323
abr/20;51.586.918;176.309.361;903.969.060;57.277.617;1.182.996.334;890.899.957;7.588.835.245;1.071.286.517;760.017.358;456.175.299;3.879.618.871;332.264.338;517.552.221;548.450.322;261.311.219;1.160.748.542;162.214.178;3.433.631.318;9.006.820.454;268.761.767;160.010.308;54.210.133;2.996.144.257;3.058.365.013;185.097.959;30.799.534.861;85.363.753
mai/20;34.473.921;126.808.592;444.629.499;38.109.166;867.879.649;647.803.030;7.069.516.349;886.028.488;578.175.383;251.769.905;2.703.675.899;241.914.050;330.910.672;387.679.696;199.504.464;764.828.276;104.643.344;2.462.240.698;7.908.810.986;183.016.051;107.566.243;38.864.517;2.121.974.578;2.596.976.139;121.759.842;23.422.144.627;65.704.751
jun/20;56.404.696;203.934.362;612.074.015;50.483.770;1.124.861.267;752.495.595;7.524.354.507;1.185.369.213;826.594.222;359.322.931;3.609.286.097;393.847.553;552.425.530;499.481.469;293.230.559;961.632.307;166.173.961;2.994.867.892;8.392.790.246;254.980.334;159.042.663;61.383.167;3.032.879.908;2.580.642.004;186.243.562;25.146.194.327;85.208.166
jul/20;61.076.365;242.598.772;1.067.244.564;73.673.689;1.606.239.983;1.275.386.502;7.748.009.769;1.379.455.313;1.249.101.130;492.065.290;4.961.906.294;454.881.939;683.367.170;676.765.779;383.419.878;1.451.080.740;222.980.804;4.360.470.676;10.314.131.019;369.235.052;205.933.256;73.270.704;4.107.113.865;3.914.923.770;219.984.367;32.177.575.265;124.255.845
ago/20;67.174.636;240.360.865;1.284.699.181;71.439.498;2.025.418.303;1.124.203.634;7.836.318.896;1.384.422.959;1.067.807.183;491.851.375;4.865.760.349;452.826.904;622.657.628;660.501.749;344.521.615;1.576.436.055;215.450.817;3.965.973.170;11.117.931.681;350.553.347;183.303.565;68.642.406;4.113.174.941;4.126.446.707;218.462.872;33.120.866.204;385.431.144
set/20;62.600.098;233.863.879;1.154.111.553;66.779.225;1.595.798.321;1.184.131.617;8.254.097.099;1.386.569.540;1.162.151.010;459.947.489;4.814.526.340;565.387.944;766.524.010;661.428.522;345.307.026;1.517.122.811;208.509.452;4.102.379.610;14.916.562.289;318.498.021;165.464.841;59.608.368;3.864.880.162;4.239.039.746;209.290.450;30.324.817.974;132.262.850
out/20;76.414.279;303.041.327;1.448.325.017;76.810.235;2.134.431.851;1.656.806.063;8.648.919.115;1.726.891.681;1.504.262.867;594.924.097;6.526.925.967;658.034.637;996.052.604;779.261.032;467.041.717;2.048.187.712;276.186.789;5.280.761.461;14.395.598.602;466.094.094;230.807.037;79.791.527;5.322.759.785;5.635.050.549;267.630.621;42.279.845.794;181.514.877
nov/20;80.344.635;279.494.217;1.511.740.383;86.350.712;1.875.636.834;1.490.175.851;10.238.914.898;1.540.705.652;1.314.645.783;751.689.016;5.616.456.658;584.687.152;762.709.236;719.006.068;481.643.416;1.908.710.098;266.114.750;5.701.495.152;12.742.173.585;446.373.464;221.593.949;75.835.465;4.595.570.454;5.674.887.231;269.805.137;37.582.500.314;167.937.323
